<?xml version="1.0" encoding="UTF-8"?>
<metadata xml:lang="en"><Esri><CreaDate>20230103</CreaDate><CreaTime>13354400</CreaTime><ArcGISFormat>1.0</ArcGISFormat><SyncOnce>FALSE</SyncOnce><DataProperties><itemProps><itemName Sync="TRUE">TUBuildings_Updated</itemName><imsContentType Sync="TRUE">002</imsContentType><itemSize Sync="TRUE">0.000</itemSize><itemLocation><linkage Sync="TRUE">file://\\PHLD26316\C$\Users\00827383\OneDrive - Amtrak\New Folder (2)\TUBuildings_Updated.shp</linkage><protocol Sync="TRUE">Local Area Network</protocol></itemLocation></itemProps><coordRef><type Sync="TRUE">Geographic</type><geogcsn Sync="TRUE">GCS_WGS_1984</geogcsn><csUnits Sync="TRUE">Angular Unit: Degree (0.017453)</csUnits><peXml Sync="TRUE">&lt;GeographicCoordinateSystem xsi:type='typens:GeographicCoordinateSystem' xmlns:xsi='http://www.w3.org/2001/XMLSchema-instance' xmlns:xs='http://www.w3.org/2001/XMLSchema' xmlns:typens='http://www.esri.com/schemas/ArcGIS/2.9.0'&gt;&lt;WKT&gt;GEOGCS[&amp;quot;GCS_WGS_1984&amp;quot;,DATUM[&amp;quot;D_WGS_1984&amp;quot;,SPHEROID[&amp;quot;WGS_1984&amp;quot;,6378137.0,298.257223563]],PRIMEM[&amp;quot;Greenwich&amp;quot;,0.0],UNIT[&amp;quot;Degree&amp;quot;,0.0174532925199433],AUTHORITY[&amp;quot;EPSG&amp;quot;,4326]]&lt;/WKT&gt;&lt;XOrigin&gt;-400&lt;/XOrigin&gt;&lt;YOrigin&gt;-400&lt;/YOrigin&gt;&lt;XYScale&gt;11258999068426.238&lt;/XYScale&gt;&lt;ZOrigin&gt;-100000&lt;/ZOrigin&gt;&lt;ZScale&gt;10000&lt;/ZScale&gt;&lt;MOrigin&gt;-100000&lt;/MOrigin&gt;&lt;MScale&gt;10000&lt;/MScale&gt;&lt;XYTolerance&gt;8.983152841195215e-09&lt;/XYTolerance&gt;&lt;ZTolerance&gt;0.001&lt;/ZTolerance&gt;&lt;MTolerance&gt;0.001&lt;/MTolerance&gt;&lt;HighPrecision&gt;true&lt;/HighPrecision&gt;&lt;LeftLongitude&gt;-180&lt;/LeftLongitude&gt;&lt;WKID&gt;4326&lt;/WKID&gt;&lt;LatestWKID&gt;4326&lt;/LatestWKID&gt;&lt;/GeographicCoordinateSystem&gt;</peXml></coordRef><lineage><Process ToolSource="c:\program files\arcgis\pro\Resources\ArcToolbox\toolboxes\Conversion Tools.tbx\FeatureClassToFeatureClass" Date="20230103" Time="133544">FeatureClassToFeatureClass building_ft_lu "C:\Users\00827383\OneDrive - Amtrak\New Folder (2)" "TU Buildings_Export_OpenData.shp" # "OBJECTID "OBJECTID" true true false 10 Long 0 10,First,#,building_ft_lu,OBJECTID,-1,-1;BIN "BIN" true true false 80 Text 0 0,First,#,building_ft_lu,BIN,0,80;FCODE "FCODE" true true false 10 Long 0 10,First,#,building_ft_lu,FCODE,-1,-1;ADDRESS "ADDRESS" true true false 80 Text 0 0,First,#,building_ft_lu,ADDRESS,0,80;BUILDING_N "BUILDING_N" true true false 80 Text 0 0,First,#,building_ft_lu,BUILDING_N,0,80;BASE_ELEVA "BASE_ELEVA" true true false 24 Double 15 23,First,#,building_ft_lu,BASE_ELEVA,-1,-1;APPROX_HGT "APPROX_HGT" true true false 10 Long 0 10,First,#,building_ft_lu,APPROX_HGT,-1,-1;MAX_HGT "MAX_HGT" true true false 24 Double 15 23,First,#,building_ft_lu,MAX_HGT,-1,-1;PARCEL_ID_ "PARCEL_ID_" true true false 80 Text 0 0,First,#,building_ft_lu,PARCEL_ID_,0,80;PARCEL_I_1 "PARCEL_I_1" true true false 80 Text 0 0,First,#,building_ft_lu,PARCEL_I_1,0,80;Shape__Are "Shape__Are" true true false 24 Double 15 23,First,#,building_ft_lu,Shape__Are,-1,-1;Shape__Len "Shape__Len" true true false 24 Double 15 23,First,#,building_ft_lu,Shape__Len,-1,-1;landuse "landuse" true true false 80 Text 0 0,First,#,building_ft_lu,landuse,0,80" #</Process><Process ToolSource="c:\program files\arcgis\pro\Resources\ArcToolbox\toolboxes\Data Management Tools.tbx\UpdateSchema" Date="20230103" Time="140425">UpdateSchema "CIMDATA=&lt;CIMStandardDataConnection xsi:type='typens:CIMStandardDataConnection' xmlns:xsi='http://www.w3.org/2001/XMLSchema-instance' xmlns:xs='http://www.w3.org/2001/XMLSchema' xmlns:typens='http://www.esri.com/schemas/ArcGIS/2.9.0'&gt;&lt;WorkspaceConnectionString&gt;DATABASE=C:\Users\00827383\OneDrive - Amtrak\New Folder (2)&lt;/WorkspaceConnectionString&gt;&lt;WorkspaceFactory&gt;Shapefile&lt;/WorkspaceFactory&gt;&lt;Dataset&gt;TU Buildings_Export_OpenData&lt;/Dataset&gt;&lt;DatasetType&gt;esriDTFeatureClass&lt;/DatasetType&gt;&lt;/CIMStandardDataConnection&gt;" &lt;operationSequence&gt;&lt;workflow&gt;&lt;AddField&gt;&lt;field_name&gt;Students&lt;/field_name&gt;&lt;field_type&gt;SHORT&lt;/field_type&gt;&lt;field_is_nullable&gt;False&lt;/field_is_nullable&gt;&lt;field_is_required&gt;False&lt;/field_is_required&gt;&lt;/AddField&gt;&lt;/workflow&gt;&lt;/operationSequence&gt;</Process><Process ToolSource="c:\program files\arcgis\pro\Resources\ArcToolbox\toolboxes\Data Management Tools.tbx\Merge" Date="20230103" Time="161954">Merge 'TU Buildings_Export_OpenData';ExtraTUBuildings "C:\Users\00827383\OneDrive - Amtrak\New Folder (2)\TU Buildings_Export_OpenData_ExtraBuildings.shp" "OBJECTID "OBJECTID" true true false 10 Long 0 10,First,#,TU Buildings_Export_OpenData,OBJECTID,-1,-1,ExtraTUBuildings,OBJECTID,-1,-1;BIN "BIN" true true false 80 Text 0 0,First,#,TU Buildings_Export_OpenData,BIN,0,80,ExtraTUBuildings,BIN,0,80;FCODE "FCODE" true true false 10 Long 0 10,First,#,TU Buildings_Export_OpenData,FCODE,-1,-1,ExtraTUBuildings,FCODE,-1,-1;ADDRESS "ADDRESS" true true false 80 Text 0 0,First,#,TU Buildings_Export_OpenData,ADDRESS,0,80,ExtraTUBuildings,ADDRESS,0,80;BUILDING_N "Class Details" true true false 80 Text 0 0,First,#,TU Buildings_Export_OpenData,BUILDING_N,0,80,ExtraTUBuildings,BUILDING_N,0,80;PARCEL_I_1 "Discipline" true true false 80 Text 0 0,First,#,TU Buildings_Export_OpenData,PARCEL_I_1,0,80,ExtraTUBuildings,PARCEL_I_1,0,80;landuse "Building Name" true true false 80 Text 0 0,First,#,TU Buildings_Export_OpenData,landuse,0,80,ExtraTUBuildings,landuse,0,80;Students "Number of Students" true true false 5 Long 0 5,First,#,TU Buildings_Export_OpenData,Students,-1,-1;BASE_ELEVA "BASE_ELEVA" true true false 19 Double 15 18,First,#,ExtraTUBuildings,BASE_ELEVA,-1,-1;APPROX_HGT "APPROX_HGT" true true false 10 Long 0 10,First,#,ExtraTUBuildings,APPROX_HGT,-1,-1;MAX_HGT "MAX_HGT" true true false 19 Double 15 18,First,#,ExtraTUBuildings,MAX_HGT,-1,-1;PARCEL_ID_ "PARCEL_ID_" true true false 80 Text 0 0,First,#,ExtraTUBuildings,PARCEL_ID_,0,80;Shape__Are "Shape__Are" true true false 19 Double 15 18,First,#,ExtraTUBuildings,Shape__Are,-1,-1;Shape__Len "Shape__Len" true true false 19 Double 15 18,First,#,ExtraTUBuildings,Shape__Len,-1,-1" NO_SOURCE_INFO</Process><Process ToolSource="c:\program files\arcgis\pro\Resources\ArcToolbox\toolboxes\Data Management Tools.tbx\UpdateSchema" Date="20230103" Time="162321">UpdateSchema "CIMDATA=&lt;CIMStandardDataConnection xsi:type='typens:CIMStandardDataConnection' xmlns:xsi='http://www.w3.org/2001/XMLSchema-instance' xmlns:xs='http://www.w3.org/2001/XMLSchema' xmlns:typens='http://www.esri.com/schemas/ArcGIS/2.9.0'&gt;&lt;WorkspaceConnectionString&gt;DATABASE=C:\Users\00827383\OneDrive - Amtrak\New Folder (2)&lt;/WorkspaceConnectionString&gt;&lt;WorkspaceFactory&gt;Shapefile&lt;/WorkspaceFactory&gt;&lt;Dataset&gt;TU Buildings_Export_OpenData_ExtraBuildings&lt;/Dataset&gt;&lt;DatasetType&gt;esriDTFeatureClass&lt;/DatasetType&gt;&lt;/CIMStandardDataConnection&gt;" &lt;operationSequence&gt;&lt;workflow&gt;&lt;DeleteField&gt;&lt;field_name&gt;BASE_ELEVA&lt;/field_name&gt;&lt;field_name&gt;APPROX_HGT&lt;/field_name&gt;&lt;field_name&gt;MAX_HGT&lt;/field_name&gt;&lt;field_name&gt;PARCEL_ID_&lt;/field_name&gt;&lt;/DeleteField&gt;&lt;/workflow&gt;&lt;/operationSequence&gt;</Process><Process ToolSource="c:\program files\arcgis\pro\Resources\ArcToolbox\toolboxes\Conversion Tools.tbx\FeatureClassToFeatureClass" Date="20230103" Time="164346">FeatureClassToFeatureClass "TU Buildings_Export_OpenData_ExtraBuildings" "C:\Users\00827383\OneDrive - Amtrak\New Folder (2)" TUBuildings_Updated.shp # "OBJECTID "OBJECTID" true true false 10 Long 0 10,First,#,TU Buildings_Export_OpenData_ExtraBuildings,OBJECTID,-1,-1;BIN "BIN" true true false 80 Text 0 0,First,#,TU Buildings_Export_OpenData_ExtraBuildings,BIN,0,80;FCODE "FCODE" true true false 10 Long 0 10,First,#,TU Buildings_Export_OpenData_ExtraBuildings,FCODE,-1,-1;ADDRESS "ADDRESS" true true false 80 Text 0 0,First,#,TU Buildings_Export_OpenData_ExtraBuildings,ADDRESS,0,80;BUILDING_N "Class Details" true true false 80 Text 0 0,First,#,TU Buildings_Export_OpenData_ExtraBuildings,BUILDING_N,0,80;PARCEL_I_1 "Discipline" true true false 80 Text 0 0,First,#,TU Buildings_Export_OpenData_ExtraBuildings,PARCEL_I_1,0,80;landuse "Building Name" true true false 80 Text 0 0,First,#,TU Buildings_Export_OpenData_ExtraBuildings,landuse,0,80;Students "Students" true true false 5 Long 0 5,First,#,TU Buildings_Export_OpenData_ExtraBuildings,Students,-1,-1" #</Process></lineage></DataProperties><SyncDate>20230103</SyncDate><SyncTime>16434600</SyncTime><ModDate>20230103</ModDate><ModTime>16434600</ModTime></Esri><dataIdInfo><envirDesc Sync="TRUE">Microsoft Windows 10 Version 10.0 (Build 19044) ; Esri ArcGIS 12.9.0.32739</envirDesc><dataLang><languageCode value="eng" Sync="TRUE"></languageCode><countryCode value="USA" Sync="TRUE"></countryCode></dataLang><idCitation><resTitle Sync="TRUE">TUBuildings_Updated</resTitle><presForm><PresFormCd value="005" Sync="TRUE"></PresFormCd></presForm></idCitation><spatRpType><SpatRepTypCd value="001" Sync="TRUE"></SpatRepTypCd></spatRpType></dataIdInfo><mdLang><languageCode value="eng" Sync="TRUE"></languageCode><countryCode value="USA" Sync="TRUE"></countryCode></mdLang><mdChar><CharSetCd value="004" Sync="TRUE"></CharSetCd></mdChar><distInfo><distFormat><formatName Sync="TRUE">Shapefile</formatName></distFormat><distTranOps><transSize Sync="TRUE">0.000</transSize></distTranOps></distInfo><mdHrLv><ScopeCd value="005" Sync="TRUE"></ScopeCd></mdHrLv><mdHrLvName Sync="TRUE">dataset</mdHrLvName><refSysInfo><RefSystem><refSysID><identCode code="4326" Sync="TRUE"></identCode><idCodeSpace Sync="TRUE">EPSG</idCodeSpace><idVersion Sync="TRUE">6.2(3.0.1)</idVersion></refSysID></RefSystem></refSysInfo><spatRepInfo><VectSpatRep><geometObjs Name="TUBuildings_Updated"><geoObjTyp><GeoObjTypCd value="002" Sync="TRUE"></GeoObjTypCd></geoObjTyp><geoObjCnt Sync="TRUE">0</geoObjCnt></geometObjs><topLvl><TopoLevCd value="001" Sync="TRUE"></TopoLevCd></topLvl></VectSpatRep></spatRepInfo><spdoinfo><ptvctinf><esriterm Name="TUBuildings_Updated"><efeatyp Sync="TRUE">Simple</efeatyp><efeageom code="4" Sync="TRUE"></efeageom><esritopo Sync="TRUE">FALSE</esritopo><efeacnt Sync="TRUE">0</efeacnt><spindex Sync="TRUE">FALSE</spindex><linrefer Sync="TRUE">FALSE</linrefer></esriterm></ptvctinf></spdoinfo><eainfo><detailed Name="TUBuildings_Updated"><enttyp><enttypl Sync="TRUE">TUBuildings_Updated</enttypl><enttypt Sync="TRUE">Feature Class</enttypt><enttypc Sync="TRUE">0</enttypc></enttyp><attr><attrlabl Sync="TRUE">FID</attrlabl><attalias Sync="TRUE">FID</attalias><attrtype Sync="TRUE">OID</attrtype><attwidth Sync="TRUE">4</attwidth><atprecis Sync="TRUE">0</atprecis><attscale Sync="TRUE">0</attscale><attrdef Sync="TRUE">Internal feature number.</attrdef><attrdefs Sync="TRUE">Esri</attrdefs><attrdomv><udom Sync="TRUE">Sequential unique whole numbers that are automatically generated.</udom></attrdomv></attr><attr><attrlabl Sync="TRUE">Shape</attrlabl><attalias Sync="TRUE">Shape</attalias><attrtype Sync="TRUE">Geometry</attrtype><attwidth Sync="TRUE">0</attwidth><atprecis Sync="TRUE">0</atprecis><attscale Sync="TRUE">0</attscale><attrdef Sync="TRUE">Feature geometry.</attrdef><attrdefs Sync="TRUE">Esri</attrdefs><attrdomv><udom Sync="TRUE">Coordinates defining the features.</udom></attrdomv></attr><attr><attrlabl Sync="TRUE">OBJECTID</attrlabl><attalias Sync="TRUE">OBJECTID</attalias><attrtype Sync="TRUE">Integer</attrtype><attwidth Sync="TRUE">10</attwidth><atprecis Sync="TRUE">10</atprecis><attscale Sync="TRUE">0</attscale></attr><attr><attrlabl Sync="TRUE">BIN</attrlabl><attalias Sync="TRUE">BIN</attalias><attrtype Sync="TRUE">String</attrtype><attwidth Sync="TRUE">80</attwidth><atprecis Sync="TRUE">0</atprecis><attscale Sync="TRUE">0</attscale></attr><attr><attrlabl Sync="TRUE">FCODE</attrlabl><attalias Sync="TRUE">FCODE</attalias><attrtype Sync="TRUE">Integer</attrtype><attwidth Sync="TRUE">10</attwidth><atprecis Sync="TRUE">10</atprecis><attscale Sync="TRUE">0</attscale></attr><attr><attrlabl Sync="TRUE">ADDRESS</attrlabl><attalias Sync="TRUE">ADDRESS</attalias><attrtype Sync="TRUE">String</attrtype><attwidth Sync="TRUE">80</attwidth><atprecis Sync="TRUE">0</atprecis><attscale Sync="TRUE">0</attscale></attr><attr><attrlabl Sync="TRUE">BUILDING_N</attrlabl><attalias Sync="TRUE">BUILDING_N</attalias><attrtype Sync="TRUE">String</attrtype><attwidth Sync="TRUE">80</attwidth><atprecis Sync="TRUE">0</atprecis><attscale Sync="TRUE">0</attscale></attr><attr><attrlabl Sync="TRUE">Students</attrlabl><attalias Sync="TRUE">Students</attalias><attrtype Sync="TRUE">Integer</attrtype><attwidth Sync="TRUE">5</attwidth><atprecis Sync="TRUE">5</atprecis><attscale Sync="TRUE">0</attscale></attr><attr><attrlabl Sync="TRUE">PARCEL_I_1</attrlabl><attalias Sync="TRUE">PARCEL_I_1</attalias><attrtype Sync="TRUE">String</attrtype><attwidth Sync="TRUE">80</attwidth><atprecis Sync="TRUE">0</atprecis><attscale Sync="TRUE">0</attscale></attr><attr><attrlabl Sync="TRUE">landuse</attrlabl><attalias Sync="TRUE">landuse</attalias><attrtype Sync="TRUE">String</attrtype><attwidth Sync="TRUE">80</attwidth><atprecis Sync="TRUE">0</atprecis><attscale Sync="TRUE">0</attscale></attr></detailed></eainfo><mdDateSt Sync="TRUE">20230103</mdDateSt></metadata>
